[
  {
    "id": "1",
    "img": "assets/img/articles/article48.jpg",
    "title": "Rodrigues Island",
    "desc": "Lorem ipsum dolor sit amet consectetur adipisicing elit. Odit quam atque ipsa laborum sunt distinctio..."
  },
  {
    "id": "2",
    "img": "assets/img/articles/article24.jpg",
    "title": "Rodrigues Island: When I",
    "desc": "Lorem ipsum dolor sit amet consectetur adipisicing elit. Odit quam atque ipsa laborum sunt distinctio..."
  },
  {
    "id": "3",
    "img": "assets/img/articles/article36.jpg",
    "title": "Rodrigues Island: When I Found a Paradise Next to Paradise",
    "desc": "Lorem ipsum dolor sit amet consectetur adipisicing elit. Odit quam atque ipsa laborum sunt distinctio..."
  },
  {
    "id": "4",
    "img": "assets/img/articles/article37.jpg",
    "title": "Songwriter's Corner: Kelly Krow",
    "desc": "Singer, rapper, songwriter, comedian, social media content creator, Kelly Krow wears so many hats that it's almost certain that you've come across his work either on a music or a social media platform. Within the past year, Kelly Krow has solidified his position in the HMI with hits like PAM, Say What..."
  },
  {
    "id": "5",
    "img": "assets/img/articles/article38.jpg",
    "title": "Top 16 of 2017",
    "desc": "2016 was an epic year for the HMI. We mourned over a few break ups and celebrated new beginnings. Throughout these ups and downs great music came flowing  our speakers faster than we could consume. Our playlist this year was extremely rich and diverse with hits from the former President to new..."
  },
  {
    "id": "6",
    "img": "assets/img/articles/article39.jpg",
    "title": "Songwriter's Corner: J-Ron",
    "desc": "Ever since he dropped All I Want is You, Ronald 'J-Ron' Jean, has been working hard mastering his unique blend of RnB infused Konpa and Zouk. And he sure  perfected it. Song after song, he drops silky vocals over buttery smooth tracks. We talked to the singer-songwriter about his writing, influences..."
  },
  {
    "id": "7",
    "img": "assets/img/articles/3.jpg",
    "title": "Who Is Joe Dwet File",
    "desc": "Joé Dwet Filé dropped his debut A Deux last week and sold out his first-ever concert at La Cigale. Is it all hype? Short answer: no. Long answer? Here's how @JoeDwetFile became one of the hottest acts in France. Thread."
  },
  {
    "id": "8",
    "img": "assets/img/articles/talie1.jpg",
    "title": "HMI Artists Share Their Favorite Holiday Songs",
    "desc": "Nothing gets us in the spirit like holiday music. That got us wondering what jams and traditions make our artists merry- So we asked."
  },
  {
    "id": "9",
    "img": "assets/img/articles/picture01.jpg",
    "title": "Top 16 of 2016",
    "desc": "2016 was an epic year for the Hlvll. We mourned over a few break ups and celebrated new beginnings. Throughout these ups and downs great music came flowing  our speakers faster than we could consume. Our playlist this year was extremely rich and diverse with hits from the former President to new..."
  }
]
