[
  {
    "id": "1",
    "img": "assets/images/slider/picture88.jpg"
  },
  {
    "id": "2",
    "img": "assets/images/slider/picture89.jpg"
  },
  {
    "id": "3",
    "img": "assets/images/slider/picture90.jpg"
  },
  {
    "id": "4",
    "img": "assets/images/slider/picture91.jpg"
  },
  {
    "id": "5",
    "img": "assets/images/slider/picture92.jpg"
  },
  {
    "id": "6",
    "img": "assets/images/slider/picture93.jpg"
  },
  {
    "id": "7",
    "img": "assets/images/slider/picture94.jpg"
  },
  {
    "id": "8",
    "img": "assets/images/slider/picture95.jpg"
  }
]
